{"cameraMode":{"drawMode":0,"name":"Shaded","section":"Shading Mode"},"sceneLighting":false,"audioPlay":false,"sceneViewState":{"showFog":true,"showMaterialUpdate":false,"showSkybox":true,"showFlares":true,"showImageEffects":true,"showParticleSystems":true},"in2DMode":false,"pivot":{"x":-0.3551778793334961,"y":15.575634002685547,"z":-4.296402931213379},"rotation":{"x":-0.28852415084838869,"y":0.6128396987915039,"z":-0.25644296407699587,"w":-0.6895071864128113},"size":42.96015167236328,"orthographic":false}