{"cameraMode":{"drawMode":0,"name":"Shaded","section":"Shading Mode"},"sceneLighting":false,"audioPlay":false,"sceneViewState":{"showFog":true,"showMaterialUpdate":false,"showSkybox":true,"showFlares":true,"showImageEffects":true,"showParticleSystems":true},"in2DMode":false,"pivot":{"x":5.023900508880615,"y":9.749402046203614,"z":0.4575061798095703},"rotation":{"x":0.18320567905902863,"y":-0.30262476205825808,"z":0.05943572148680687,"w":0.9334840774536133},"size":1.4830119609832764,"orthographic":false}