{"cameraMode":{"drawMode":0,"name":"Shaded","section":"Shading Mode"},"sceneLighting":false,"audioPlay":false,"sceneViewState":{"showFog":true,"showMaterialUpdate":false,"showSkybox":true,"showFlares":true,"showImageEffects":true,"showParticleSystems":true},"in2DMode":false,"pivot":{"x":4.552534103393555,"y":9.596850395202637,"z":-0.9002279043197632},"rotation":{"x":0.158010795712471,"y":-0.7469545006752014,"z":0.191400945186615,"w":0.6168673634529114},"size":1.4830119609832764,"orthographic":false}