{"cameraMode":{"drawMode":0,"name":"Shaded","section":"Shading Mode"},"sceneLighting":false,"audioPlay":false,"sceneViewState":{"showFog":true,"showMaterialUpdate":false,"showSkybox":true,"showFlares":true,"showImageEffects":true,"showParticleSystems":true},"in2DMode":false,"pivot":{"x":34.33702087402344,"y":-2.0113277435302736,"z":179.26461791992188},"rotation":{"x":-0.042291004210710528,"y":-0.018884344026446344,"z":0.0007935292669571936,"w":-0.9989528059959412},"size":234.5035858154297,"orthographic":false}