{"cameraMode":{"drawMode":0,"name":"Shaded","section":"Shading Mode"},"sceneLighting":false,"audioPlay":false,"sceneViewState":{"showFog":true,"showMaterialUpdate":false,"showSkybox":true,"showFlares":true,"showImageEffects":true,"showParticleSystems":true},"in2DMode":false,"pivot":{"x":3.199960231781006,"y":7.857334136962891,"z":-0.40972810983657839},"rotation":{"x":-0.155612051486969,"y":0.686618447303772,"z":-0.15412504971027375,"w":-0.6932430863380432},"size":5.0494513511657719,"orthographic":false}