{"cameraMode":{"drawMode":0,"name":"Shaded","section":"Shading Mode"},"sceneLighting":false,"audioPlay":false,"sceneViewState":{"showFog":true,"showMaterialUpdate":false,"showSkybox":true,"showFlares":true,"showImageEffects":true,"showParticleSystems":true},"in2DMode":false,"pivot":{"x":1.06796395778656,"y":15.430571556091309,"z":7.123312473297119},"rotation":{"x":0.0195253137499094,"y":0.9802866578102112,"z":-0.14846721291542054,"w":0.12895958125591279},"size":90.66421508789063,"orthographic":false}