{"cameraMode":{"drawMode":0,"name":"Shaded","section":"Shading Mode"},"sceneLighting":false,"audioPlay":false,"sceneViewState":{"showFog":true,"showMaterialUpdate":false,"showSkybox":true,"showFlares":true,"showImageEffects":true,"showParticleSystems":true},"in2DMode":false,"pivot":{"x":60.15910339355469,"y":8.991252899169922,"z":-40.30271530151367},"rotation":{"x":-0.0702420100569725,"y":-0.73121178150177,"z":0.07618532329797745,"w":-0.6742560863494873},"size":149.13021850585938,"orthographic":false}