{"cameraMode":{"drawMode":0,"name":"Shaded","section":"Shading Mode"},"sceneLighting":false,"audioPlay":false,"sceneViewState":{"showFog":true,"showMaterialUpdate":false,"showSkybox":true,"showFlares":true,"showImageEffects":true,"showParticleSystems":true},"in2DMode":false,"pivot":{"x":4.287006378173828,"y":7.57373571395874,"z":-4.557623863220215},"rotation":{"x":-0.0702420100569725,"y":-0.73121178150177,"z":0.07618532329797745,"w":-0.6742560863494873},"size":4.805472373962402,"orthographic":false}