{"cameraMode":{"drawMode":0,"name":"Shaded","section":"Shading Mode"},"sceneLighting":false,"audioPlay":false,"sceneViewState":{"showFog":true,"showMaterialUpdate":false,"showSkybox":true,"showFlares":true,"showImageEffects":true,"showParticleSystems":true},"in2DMode":false,"pivot":{"x":4.287006378173828,"y":7.57373571395874,"z":-4.557623863220215},"rotation":{"x":0.18320567905902863,"y":-0.30262476205825808,"z":0.05943572148680687,"w":0.9334840774536133},"size":28.649723052978517,"orthographic":false}