{"cameraMode":{"drawMode":0,"name":"Shaded","section":"Shading Mode"},"sceneLighting":false,"audioPlay":false,"sceneViewState":{"showFog":true,"showMaterialUpdate":false,"showSkybox":true,"showFlares":true,"showImageEffects":true,"showParticleSystems":true},"in2DMode":false,"pivot":{"x":4.287006378173828,"y":12.782735824584961,"z":-4.668623924255371},"rotation":{"x":-0.09773542732000351,"y":-0.8415555953979492,"z":0.1625371128320694,"w":-0.5058302879333496},"size":7.669166564941406,"orthographic":false}